{"cameraMode":{"drawMode":0,"name":"Shaded","section":"Shading Mode"},"sceneLighting":true,"audioPlay":false,"sceneViewState":{"m_AlwaysRefresh":false,"showFog":true,"showSkybox":true,"showFlares":true,"showImageEffects":true,"showParticleSystems":true,"showVisualEffectGraphs":true,"m_FxEnabled":true},"in2DMode":false,"pivot":{"x":92.16477966308594,"y":5.453738212585449,"z":-8.716383934020996},"rotation":{"x":-0.010807801969349385,"y":0.014090108685195446,"z":-0.00026311035617254674,"w":-0.9997577667236328},"size":2.9790520668029787,"orthographic":false}