{"cameraMode":{"drawMode":0,"name":"Shaded","section":"Shading Mode"},"sceneLighting":true,"audioPlay":false,"sceneViewState":{"m_AlwaysRefresh":false,"showFog":true,"showSkybox":true,"showFlares":true,"showImageEffects":true,"showParticleSystems":true,"showVisualEffectGraphs":true,"m_FxEnabled":true},"in2DMode":false,"pivot":{"x":75.18142700195313,"y":12.67588996887207,"z":-2.820809841156006},"rotation":{"x":-0.11686091870069504,"y":-0.05450371652841568,"z":0.0063531952910125259,"w":-0.9915558695793152},"size":13.212210655212403,"orthographic":false}